{"cameraMode":{"drawMode":0,"name":"Shaded","section":"Shading Mode"},"sceneLighting":false,"audioPlay":false,"sceneViewState":{"m_AlwaysRefresh":false,"showFog":true,"showSkybox":false,"showFlares":true,"showImageEffects":true,"showParticleSystems":true,"showVisualEffectGraphs":true,"m_FxEnabled":true},"in2DMode":false,"pivot":{"x":0.006397724151611328,"y":0.4699918031692505,"z":-0.28092384338378909},"rotation":{"x":-0.027124574407935144,"y":-0.8998557925224304,"z":0.055509187281131747,"w":-0.43231910467147829},"size":3.1876771450042726,"orthographic":false}